sourceFile,extension,bytes,width,height,aspect,dimensionKey,error
httpssteamusercontentaakamaihdnetugc18301584430029289794C58FA34C3DC404830EA0D6655AE7780C0E5A3C1.png,.png,68290,179,179,1.0,179x179,
httpssteamusercontentaakamaihdnetugc1830158443002929094DBA6A15D2E7F846B1A7D8E5E303408E79FDB62BA.png,.png,1293977,1795,350,5.1286,1795x350,
httpssteamusercontentaakamaihdnetugc183015844300292923083A1B6A216F0B1CDB823896A1F1DE48FF748C6F0.png,.png,1227181,1795,350,5.1286,1795x350,
httpssteamusercontentaakamaihdnetugc1830158443009542136A6F23333DAFE700643719547D46EEA48DAB2CFE6.png,.png,7312,158,239,0.6611,158x239,
httpssteamusercontentaakamaihdnetugc18369208693624896722841B416BF0EDB2F07ECA6D8D5D425C417522F46.png,.png,4318970,2048,2048,1.0,2048x2048,
httpssteamusercontentaakamaihdnetugc1836922484750837678FEE53F21DE2D1CA808649E879BD7527852507F3C.png,.png,148408,404,406,0.9951,404x406,
httpssteamusercontentaakamaihdnetugc18369224847509257561175574C47D00D041ACE2A56DA9E0721078F8EB5.png,.png,113122,352,354,0.9944,352x354,
httpssteamusercontentaakamaihdnetugc183692248475092584263090DC36BF8382E993C2B4710C32E3CBF923550.png,.png,110861,352,355,0.9915,352x355,
httpssteamusercontentaakamaihdnetugc1836922484750925886FA6C69E8241BAD0CC2240B3ADCCE0AC11462C954.png,.png,111181,353,354,0.9972,353x354,
httpssteamusercontentaakamaihdnetugc1836922484750925941CEEDCA58C17603A5B16519E3CE6C42E88CDD5362.png,.png,112769,353,355,0.9944,353x355,
httpssteamusercontentaakamaihdnetugc1836922484750926004D1A292C71A2EFF0B40BC129520EA727CA5764837.png,.png,111644,352,353,0.9972,352x353,
httpssteamusercontentaakamaihdnetugc18369224847509260523D30B1F42DDFF2705BD00084698AFFC1F2BC1DC8.png,.png,112873,354,355,0.9972,354x355,
httpssteamusercontentaakamaihdnetugc1836922484750926109A67D00247B04887B3BF6F6B5C32F30AF70916223.png,.png,112564,353,355,0.9944,353x355,
httpssteamusercontentaakamaihdnetugc1836922484750926166E6F901D4A5E9896AF0969B90D6DA2AA5C3960B6E.png,.png,111992,351,355,0.9887,351x355,
httpssteamusercontentaakamaihdnetugc18369224847509262297CE17AEAE2FCF4C217EB3CBD85FDE457711B4FA3.png,.png,111165,352,352,1.0,352x352,
httpssteamusercontentaakamaihdnetugc1836922484750926290A31866A37DBE42F24A3FFCA5EA36850B046CCB45.png,.png,111789,352,354,0.9944,352x354,
httpssteamusercontentaakamaihdnetugc1836922484750926347F5B20B357E80E77067EB542334B39542D871D4E9.png,.png,113043,354,354,1.0,354x354,
httpssteamusercontentaakamaihdnetugc18369224847509264015DA7078FED9E97D6F57A3EBDA7A21BC4C5772D89.png,.png,112473,353,354,0.9972,353x354,
httpssteamusercontentaakamaihdnetugc183692248475092647176B19A22AED0733EF5DA636CF7609257EEF3925C.png,.png,112566,350,353,0.9915,350x353,
httpssteamusercontentaakamaihdnetugc1836922484750926541B7B7A5E465058168C9E112C8B33905F002D2B9A1.png,.png,112105,351,352,0.9972,351x352,
httpssteamusercontentaakamaihdnetugc183692248475092658872DB9BCA0BFD2264323555ACF910163BCE034E1C.png,.png,112450,350,352,0.9943,350x352,
httpssteamusercontentaakamaihdnetugc18369224847509266427A006F08E413A3F9A8FD25352E0115D5E9574445.png,.png,111094,352,354,0.9944,352x354,
httpssteamusercontentaakamaihdnetugc1836922484750926703AF38DBA3418C068BA55BA802CB2AE6117C396B04.png,.png,111987,350,352,0.9943,350x352,
httpssteamusercontentaakamaihdnetugc1836922484750926773A1C8753824BC8E2DA2C2323DB9C3CE43F0270C59.png,.png,111998,353,354,0.9972,353x354,
httpssteamusercontentaakamaihdnetugc1836922484750926846D4628F5ABD87EAB0739669C6D14D24EB47728B03.png,.png,111067,350,352,0.9943,350x352,
httpssteamusercontentaakamaihdnetugc1842549310181969442D8E256407E0D96B428083D42CE9C2A0DC774B15B.png,.png,1567778,675,1275,0.5294,675x1275,
httpssteamusercontentaakamaihdnetugc184254931018196964025D0AAAE9A3CF5AE59130148F4E789F6535925B7.png,.png,1420817,675,1275,0.5294,675x1275,
httpssteamusercontentaakamaihdnetugc1842549310181969723D9A45CEE4F1EE7E3172FD6DAD43B5D96F74F47C4.png,.png,1582592,675,1275,0.5294,675x1275,
httpssteamusercontentaakamaihdnetugc18425493101819698297DE240552483ECABBA53893B7C34DE841B504CE6.png,.png,1992725,675,1275,0.5294,675x1275,
httpssteamusercontentaakamaihdnetugc1842549310181972167951F809E891BD4EDDA61AED94B5CBE8F625C413F.png,.png,1592029,675,1275,0.5294,675x1275,
httpssteamusercontentaakamaihdnetugc18425493101819761185B0DE6BF2A6243E15738B425CCEC5D00BA690EC3.png,.png,1269727,675,1275,0.5294,675x1275,
httpssteamusercontentaakamaihdnetugc1842549310181982789F92515BC37D06842F469AF86EA7C6EF216393032.png,.png,1941141,675,1275,0.5294,675x1275,
httpssteamusercontentaakamaihdnetugc1842549310182002455367F6E3604E028BD5A419DDB70FA45D7F3CFDF94.png,.png,115665,450,450,1.0,450x450,
httpssteamusercontentaakamaihdnetugc184254931018200253449034CEC6845BCAA0199277268C0C2FD09E5CCA6.png,.png,116120,450,450,1.0,450x450,
httpssteamusercontentaakamaihdnetugc184254931018200260227B70A929CB2DBC511793A6343C917A117A8F0E2.png,.png,117629,450,450,1.0,450x450,
httpssteamusercontentaakamaihdnetugc18425493101820026588BD97CFEE4CDF6C88362314097ED5CEFB1057003.png,.png,118717,450,450,1.0,450x450,
httpssteamusercontentaakamaihdnetugc1842549310182002737A936862BF0DA41494CDDCB73ECB7E399FB9E1F03.png,.png,117569,450,450,1.0,450x450,
httpssteamusercontentaakamaihdnetugc18425493101820028219B8B535FBF332F9679EA8A45BA7CB9E8BA472C18.png,.png,118586,450,450,1.0,450x450,
httpssteamusercontentaakamaihdnetugc1842549310182002897B3D6D2F64CCE3ADE56923B2BAFBAE51465E9CD8A.png,.png,121552,450,450,1.0,450x450,
httpssteamusercontentaakamaihdnetugc18425493101820029745874C829CA41AD424B85D3C85B3C87C39E65FFB5.png,.png,114854,450,450,1.0,450x450,
httpssteamusercontentaakamaihdnetugc184254931018200305833D28A823E6B3BFEE279A046961F5318E097D80B.png,.png,119016,450,450,1.0,450x450,
httpssteamusercontentaakamaihdnetugc1842549310182003152B99C482983570EAE8F2B6D50015B356701CD13EF.png,.png,124323,450,450,1.0,450x450,
httpssteamusercontentaakamaihdnetugc184254931018200324331A489104AC726F03E1B129B709CC2B01C9494A0.png,.png,183619,450,450,1.0,450x450,
httpssteamusercontentaakamaihdnetugc1842549310182003304F262CF39857544D8FA8C5BDC352D8B57AF0AB138.png,.png,228107,450,450,1.0,450x450,
httpssteamusercontentaakamaihdnetugc184254931018200335807837467E7F9F5584A5DC944CA113A6A7138CFC5.png,.png,96869,450,450,1.0,450x450,
httpssteamusercontentaakamaihdnetugc184254931018200342248E48A7C0513E1C11B57989858391305FDE7C8D8.png,.png,196997,450,450,1.0,450x450,
httpssteamusercontentaakamaihdnetugc1842549310182003494305C7162E5DA8D4554AEEC4276CBD7E6887804E5.png,.png,107974,181,303,0.5974,181x303,
httpssteamusercontentaakamaihdnetugc18425493101820035461E31F1B52C7E793BCC1604BF38CC7CBBD4EF1D99.png,.png,176046,450,450,1.0,450x450,
httpssteamusercontentaakamaihdnetugc1842549310182003598687BA1611D7FDF91D713E40C53AFAD2388C6B90F.png,.png,161537,450,450,1.0,450x450,
httpssteamusercontentaakamaihdnetugc1842549310182003655266BAB4E7F9316C3070B2399BB51776DD0D2DCC5.png,.png,171019,450,450,1.0,450x450,
httpssteamusercontentaakamaihdnetugc1842549310182003714F10C54AA397C58BB29BD7DAC0414D8598792A6B1.png,.png,169613,450,450,1.0,450x450,
httpssteamusercontentaakamaihdnetugc184254931018200376345B0842103A7077052313672BCF61B1A2DC9D1DD.png,.png,105108,450,450,1.0,450x450,
httpssteamusercontentaakamaihdnetugc18425493101820038223FDE99172E9145D290C4322096C1B6E41FCED8E7.png,.png,134282,450,450,1.0,450x450,
httpssteamusercontentaakamaihdnetugc1842549310182003885A2E7EA837C05EEB78CAE994DE57A9766F8C37F17.png,.png,207345,450,450,1.0,450x450,
httpssteamusercontentaakamaihdnetugc1842549310182003961E8CC7109B442743670A9F46E321EE63DA6C4E600.png,.png,163193,450,450,1.0,450x450,
httpssteamusercontentaakamaihdnetugc1842549310182004026E150A72B6E0325733A21C0776BD1335525ACA0C6.png,.png,165158,450,450,1.0,450x450,
httpssteamusercontentaakamaihdnetugc184254931018200408939A5326C1E13C34329A14D44651FA2E1172D45FA.png,.png,250229,416,414,1.0048,416x414,
httpssteamusercontentaakamaihdnetugc1842549310182004141BD9930D93160F3E9948E6E4BC7D526B447BBB333.png,.png,156054,450,450,1.0,450x450,
httpssteamusercontentaakamaihdnetugc1842549310182004264F415FDB9A45A40013577168F87ECF7F79F78D831.png,.png,120645,450,450,1.0,450x450,
httpssteamusercontentaakamaihdnetugc1842549310182004335E28E5BB36C675ABF0C4EEB14B0C98E080BE5578E.png,.png,116351,450,450,1.0,450x450,
httpssteamusercontentaakamaihdnetugc184254931018200438406319CB96BE7BBF5D1D21D86BCC4814D9F351719.png,.png,162669,450,450,1.0,450x450,
httpssteamusercontentaakamaihdnetugc18425493101820044567E548A48A3D579286703E3C0A9FBD8AE1AC2EA94.png,.png,160070,322,393,0.8193,322x393,
httpssteamusercontentaakamaihdnetugc18425493101820045172F226CEC4075249D331E17E5092623CE09ECACAD.png,.png,193175,450,450,1.0,450x450,
httpssteamusercontentaakamaihdnetugc1842549310182005578A7A26BB13A104D9123B6E5F6903DE5A75BA7EE92.png,.png,182697,384,336,1.1429,384x336,
httpssteamusercontentaakamaihdnetugc1842549310182005639809347EDD838C02BDBD328B19A0E4109A23D0E5C.png,.png,179148,384,336,1.1429,384x336,
httpssteamusercontentaakamaihdnetugc18425493101820059573B63D75D14CC4B00164909AF53B667598F2B7FB9.png,.png,181155,384,336,1.1429,384x336,
httpssteamusercontentaakamaihdnetugc184254931018200601722A96255C80FA27FC5F28459840A7FFC7191B084.png,.png,176084,384,336,1.1429,384x336,
httpssteamusercontentaakamaihdnetugc184254931018200610455963F811E1050949F60D543AAC3B3C5629AF986.png,.png,141511,384,336,1.1429,384x336,
httpssteamusercontentaakamaihdnetugc1842549310182006176F92CB356076A3D52EE2EC3176CA4FAB154384393.png,.png,142634,384,336,1.1429,384x336,
httpssteamusercontentaakamaihdnetugc18425493101820062522F3CCC3E36EA81E73A60117C0C76B0AF89BE31D0.png,.png,160634,384,336,1.1429,384x336,
httpssteamusercontentaakamaihdnetugc1842549310182006328914A4B043295BFE8DC0F1BA33DC55F98DF2D030B.png,.png,162700,384,336,1.1429,384x336,
httpssteamusercontentaakamaihdnetugc18425493101820064179BF727E1886E71E8747926F9DACA6FB27C7FAEE4.png,.png,98287,384,336,1.1429,384x336,
httpssteamusercontentaakamaihdnetugc18425493101820064755C00331A731E87661613AFAEE060E0A1179F7FC3.png,.png,95653,384,336,1.1429,384x336,
httpssteamusercontentaakamaihdnetugc184254931018200654732DA3CDBCE1BF815F175280CFDB6C99FD625FADA.png,.png,95262,384,336,1.1429,384x336,
httpssteamusercontentaakamaihdnetugc184254931018200661309312490EB9E6C207261255D39E37FB7E2F5FE7A.png,.png,98662,384,336,1.1429,384x336,
httpssteamusercontentaakamaihdnetugc1842549310182006716D2508D6808FC3D83A63CF4D9BAF162949645CA33.png,.png,95431,384,336,1.1429,384x336,
httpssteamusercontentaakamaihdnetugc1842549310182006788A5BC2F27F652D4253AE4C5A13E32B1B850C3402C.png,.png,94277,384,336,1.1429,384x336,
httpssteamusercontentaakamaihdnetugc18425493101820068959006E0E02DF4118A805F59E9627129205660A558.png,.png,83285,384,336,1.1429,384x336,
httpssteamusercontentaakamaihdnetugc18425493101820069656020B56AE98EBF2E48115F2CBADEC9A0D75325B2.png,.png,94272,384,336,1.1429,384x336,
httpssteamusercontentaakamaihdnetugc184254931018200705071552C929FC70CBA75EFEAE873B8A027E6510A60.png,.png,163121,384,336,1.1429,384x336,
httpssteamusercontentaakamaihdnetugc18425493101820071214B70CAE6075AEE1070830AD79EDF55B44EE2998E.png,.png,173984,290,279,1.0394,290x279,
httpssteamusercontentaakamaihdnetugc184254931018200719894AED1A44BD5ACB8C2C46CB2BAF5E89FD82E37B8.png,.png,163003,384,336,1.1429,384x336,
httpssteamusercontentaakamaihdnetugc18425493101820073198B1C899FC54A12B01B46328B8645965EF84820A5.png,.png,172547,384,336,1.1429,384x336,
httpssteamusercontentaakamaihdnetugc1842549310182008410269D81C3A3FE5CFDBC207A4ABC9C62CBEE7C83DC.png,.png,205716,384,336,1.1429,384x336,
httpssteamusercontentaakamaihdnetugc18425493101820084622FAB7E15B85F8E0ED19CE69256F9367073AA9E96.png,.png,194640,384,336,1.1429,384x336,
httpssteamusercontentaakamaihdnetugc1842549310182008532718F54AA9EB3442C7D110A054C5389F58DC162FB.png,.png,201202,384,336,1.1429,384x336,
httpssteamusercontentaakamaihdnetugc1842549310182008599FE28B3352CE2B8418FA78DC1C43191D743F7C806.png,.png,224914,384,336,1.1429,384x336,
httpssteamusercontentaakamaihdnetugc184254931018200865475FEE92C7E7029E4C8524850DB4F0AC34C8A58AD.png,.png,212291,384,336,1.1429,384x336,
httpssteamusercontentaakamaihdnetugc1842549310182008727509699FC19B9A5F9FA9D58B9F702005FCBB7096E.png,.png,195656,384,336,1.1429,384x336,
httpssteamusercontentaakamaihdnetugc1842549310182008792357CB7EF6F63206F7A84FF2E4DDCBFD06DA0171F.png,.png,185746,384,336,1.1429,384x336,
httpssteamusercontentaakamaihdnetugc1842549310182008860AF797178744BE8AAA364EF273189079D1F227831.png,.png,209726,384,336,1.1429,384x336,
httpssteamusercontentaakamaihdnetugc1842549310182008960A3D33336D7DFB5D8FD53B4E3FD0CD45DAC13D135.png,.png,188623,384,336,1.1429,384x336,
httpssteamusercontentaakamaihdnetugc1842549310182009038A691999170EC847EBE2479F19E0DD655BCACC4A9.png,.png,209412,384,336,1.1429,384x336,
httpssteamusercontentaakamaihdnetugc18425493101820091123D6F96A0D7230B73E29C6D083BC1EF30EC5A31FC.png,.png,197241,384,336,1.1429,384x336,
httpssteamusercontentaakamaihdnetugc1842549310182009175524F90EA10F7E7ECF6740403AE41223506AB53C7.png,.png,228823,384,336,1.1429,384x336,
httpssteamusercontentaakamaihdnetugc18425493101820092446C10A240DDCE3D9FD0A23F0F7351F2508EDF6B9A.png,.png,219060,384,336,1.1429,384x336,
httpssteamusercontentaakamaihdnetugc18425493101820093235B2EDC715C6A9CAB03D52D39B4CB9DE6F979DAA6.png,.png,224231,384,336,1.1429,384x336,
httpssteamusercontentaakamaihdnetugc1842549310182009408240895E169F0665B2FEB66DBCE7C186DDA421BCC.png,.png,198601,384,336,1.1429,384x336,
httpssteamusercontentaakamaihdnetugc1842549310182009483EE347A28DC787F26C1F58E06D5C92166A4DDCDA3.png,.png,223189,384,336,1.1429,384x336,
httpssteamusercontentaakamaihdnetugc18425493101820095519C7D99E88F11DF3B4E149450152B0D718C7D3520.png,.png,203729,384,336,1.1429,384x336,
httpssteamusercontentaakamaihdnetugc1842549310182009616F431FFB4BBE8493A00A2B0152D116B342C183E7F.png,.png,195765,384,336,1.1429,384x336,
httpssteamusercontentaakamaihdnetugc1842549310182009690E728675FB44504D66C708D918FBE6C3A9AE2A3BF.png,.png,193203,384,336,1.1429,384x336,
httpssteamusercontentaakamaihdnetugc18425493101820097572889267B246D548B591A4E47DE1E4FE90D0AF963.png,.png,223203,384,336,1.1429,384x336,
httpssteamusercontentaakamaihdnetugc1842549310182009832B9498CF962747F0AA089DEF0CAA850A282507BFB.png,.png,190101,384,336,1.1429,384x336,
httpssteamusercontentaakamaihdnetugc184254931018200991198A9B708F9B34362C3EFBE8E50A9413245BAB5A0.png,.png,196720,384,336,1.1429,384x336,
httpssteamusercontentaakamaihdnetugc184254931018200996842EB109869753C8E5EE2A9A37BEA1E96CD029FDC.png,.png,203879,384,336,1.1429,384x336,
httpssteamusercontentaakamaihdnetugc1842549310182010041185D47607012FB30BD1E99269F993FC1AA7188C6.png,.png,208835,384,336,1.1429,384x336,
httpssteamusercontentaakamaihdnetugc18425493101820101161D515C9E18B593DE20403B83FE05D059F7FCEBC3.png,.png,197927,384,336,1.1429,384x336,
httpssteamusercontentaakamaihdnetugc1842549310182010187D5E8B17883810FA8E09AA2319527EA5A68469009.png,.png,225791,384,336,1.1429,384x336,
httpssteamusercontentaakamaihdnetugc18425493101820102339DF40B78524AA810F05D4E555211CE06551C0564.png,.png,222039,384,336,1.1429,384x336,
httpssteamusercontentaakamaihdnetugc18425493101820102951799078FA4D6258E55D28CD057BB4C8A8165413E.png,.png,223839,384,336,1.1429,384x336,
httpssteamusercontentaakamaihdnetugc184254931018201035486E9FFBB03E6546C18996B441507E39E97361F05.png,.png,206330,384,336,1.1429,384x336,
httpssteamusercontentaakamaihdnetugc184254931018201041547C247AB68326609FDBE6492B6987DAC27F3C860.png,.png,207766,384,336,1.1429,384x336,
httpssteamusercontentaakamaihdnetugc18425493101820104931672E93ED8FD28F769D5AEC173AB6F22442F4782.png,.png,222178,384,336,1.1429,384x336,
httpssteamusercontentaakamaihdnetugc184254931018201054888B65AA8A79EB12684F51F82C7C1DF4122079772.png,.png,225801,384,336,1.1429,384x336,
httpssteamusercontentaakamaihdnetugc1916863033993834949E013A5C2D7C03DC98E7FAFC04D9A2BFC3D414398.png,.png,2378117,1270,1289,0.9853,1270x1289,
httpssteamusercontentaakamaihdnetugc1916863033993835165610F6351E93DB3EA07D2AC757EB72EB0014D5905.png,.png,2491201,1270,1289,0.9853,1270x1289,
httpssteamusercontentaakamaihdnetugc1916863033993835295B97B46B410BEA126047B34D641DD47C956EC0CD8.png,.png,2279449,1270,1289,0.9853,1270x1289,
httpssteamusercontentaakamaihdnetugc1916863033993835449C66E295B65EF9722270138253133E1F37F6E71D7.png,.png,2353742,1270,1289,0.9853,1270x1289,
httpssteamusercontentaakamaihdnetugc191686303399383559689D6FA73E099CBCCD287D4D37A5B2AE9438E83E9.png,.png,2038424,1270,1289,0.9853,1270x1289,
httpssteamusercontentaakamaihdnetugc1916863033993835847FBC57EB3D429BFFF2983DEFCA2494616F18DFA84.png,.png,2070216,1270,1289,0.9853,1270x1289,
httpssteamusercontentaakamaihdnetugc1916863033993835967D1AAC43F28804750BE97245516990ACB0C296D7C.png,.png,2216851,1270,1289,0.9853,1270x1289,
httpssteamusercontentaakamaihdnetugc1916863033993836284A14530C81EF0FA4F73EC3A8E8F63A73329D7C706.png,.png,2267407,1241,1195,1.0385,1241x1195,
httpssteamusercontentaakamaihdnetugc19168630339938364616BACD85F6709DD5820F0FA5B854942FFA6D1FE2F.png,.png,2331240,1238,1189,1.0412,1238x1189,
httpssteamusercontentaakamaihdnetugc1916863033993836583D10B7914912CDBDB2C230A41E54A9805E7D28FF4.png,.png,2259193,1270,1289,0.9853,1270x1289,
httpssteamusercontentaakamaihdnetugc19168630339938367058028A6A10216115BA853AC4E72AB92F829978879.png,.png,2320442,1270,1289,0.9853,1270x1289,
httpssteamusercontentaakamaihdnetugc19168630339938447799CD8F67BF7C3D8808CDAEF179D5B50B0CF837399.png,.png,2243538,1270,1289,0.9853,1270x1289,
httpssteamusercontentaakamaihdnetugc19168630339938615303CA9D0058D99360DA524CC34B0256E629B091196.png,.png,1386807,675,1275,0.5294,675x1275,
httpssteamusercontentaakamaihdnetugc19168630339938617221E6F6917FFAEF689FA66A2C2AB20373AC59864B2.png,.png,1674758,675,1275,0.5294,675x1275,
httpssteamusercontentaakamaihdnetugc19168630339938619281538B624E9448757F5BD158AE194CF79E22E8999.png,.png,1619244,675,1275,0.5294,675x1275,
httpssteamusercontentaakamaihdnetugc19168630339938620469AC388FC61D461A202E1A861DE6D84BF220B8552.png,.png,1901755,675,1275,0.5294,675x1275,
httpssteamusercontentaakamaihdnetugc19168630339958248031296A0A5F30236EF5DB2B389F4C2B0A6BFE7449B.jpg,.jpg,9403532,3376,2550,1.3239,3376x2550,
httpssteamusercontentaakamaihdnetugc19258694430375731622BBF0274B3063974FEE0C5C68CBA690F5021B567.png,.png,6301295,2026,2550,0.7945,2026x2550,
httpssteamusercontentaakamaihdnetugc1925869443037573185410E50E69D9A8CE445F8B207AFA11B0471FDAE99.jpg,.jpg,11877475,6300,5400,1.1667,6300x5400,
httpssteamusercontentaakamaihdnetugc1925869443037575839EAC20D8CD35987BACD71F32A974E6F56DB3B5EFF.jpg,.jpg,869588,900,900,1.0,900x900,
httpssteamusercontentaakamaihdnetugc19258694430375759405883D544F4CC67351B41B7892D037A8437962DDB.png,.png,6278082,2943,969,3.0372,2943x969,
httpssteamusercontentaakamaihdnetugc192586944303757612899525A7AE93B7D55F20D0583CFCAF7D6040FEF70.jpg,.jpg,15152269,6300,5400,1.1667,6300x5400,
httpssteamusercontentaakamaihdnetugc1925869443037576727EFEE8503A3C61EF1498EEB644D8CC497E0A14E1D.png,.png,5408745,2026,2550,0.7945,2026x2550,
httpssteamusercontentaakamaihdnetugc19258694430375768491664D0D2FFF8406E35E8F82FADC8310CD8D4F866.jpg,.jpg,1000913,900,900,1.0,900x900,
httpssteamusercontentaakamaihdnetugc1925869443038951245F454F087E26E7B3812E15CAFC9C941BD5ED49D66.jpg,.jpg,11641517,6076,6376,0.9529,6076x6376,
httpssteamusercontentaakamaihdnetugc1925869443038951545DB35BA7304F2999D84979FFC9FDC379603C70853.jpg,.jpg,10697331,5400,3826,1.4114,5400x3826,
httpssteamusercontentaakamaihdnetugc19540282661532592137EACB022CFB857051FABF6F6821E5564A482930A.png,.png,110741,264,398,0.6633,264x398,
httpssteamusercontentaakamaihdnetugc195402826615325952844F09AA2FC7480122721F30C08A0EAD4819C04D7.png,.png,105751,266,402,0.6617,266x402,
httpssteamusercontentaakamaihdnetugc1954028266153260920E04B13B8FC9B3228443CE34FDEC4C7BC4455B733.png,.png,167999,326,443,0.7359,326x443,
httpssteamusercontentaakamaihdnetugc19540282661532611239AB97EF30104A0E1A82DEA391DCCA7B2475C65DB.png,.png,155514,317,432,0.7338,317x432,
httpssteamusercontentaakamaihdnetugc2008073659346871473025409512C40EC4EA6EF2FA1C3364BA269C79D29.png,.png,2540871,1350,2550,0.5294,1350x2550,
httpssteamusercontentaakamaihdnetugc2008073659346871583D642034536276AFFB9732DA012280A0FCD584EEB.png,.png,2888756,1350,2550,0.5294,1350x2550,
httpssteamusercontentaakamaihdnetugc2008073659346872890E1B53B4B8C579F628368F75E326040F17E8FE6EC.png,.png,2020758,1425,1426,0.9993,1425x1426,
httpssteamusercontentaakamaihdnetugc2008073659346873410F043F55A6D698E4C7869E9F8290474D17ACCA7DB.png,.png,1525352,1004,1004,1.0,1004x1004,
httpssteamusercontentaakamaihdnetugc20080736593468736877F094AEF25AAF97D62BCD640F5E944C6C4B6C60B.png,.png,1664521,1004,1004,1.0,1004x1004,
httpssteamusercontentaakamaihdnetugc2008073659346874307D2DFB5EF9B6D9CCD2D43F47CCC7CD36821745A6F.png,.png,1280314,550,1042,0.5278,550x1042,
httpssteamusercontentaakamaihdnetugc2008073659346876433821AF27C8D1ED64FB90F21E8F356C77F855BEB1F.png,.png,1871109,675,1275,0.5294,675x1275,
httpssteamusercontentaakamaihdnetugc20080736593517766956937C599095F227C3DD41E18953DAC9FC37F742E.jpg,.jpg,3477,32,32,1.0,32x32,
httpssteamusercontentaakamaihdnetugc2036224757691887372CE62A3C7DDC4A88507B4874AC1DFDB5CF6B4183C.png,.png,1775732,1425,1426,0.9993,1425x1426,
httpssteamusercontentaakamaihdnetugc249000503084818306116DFEE1F2719324B985A14EAA6DD10682A5642B0.png,.png,150689,264,398,0.6633,264x398,
httpssteamusercontentaakamaihdnetugc24900050308481833988246FE8F6FF068D9AD991696104FA7EA0EA2C60A.png,.png,146335,264,398,0.6633,264x398,
httpssteamusercontentaakamaihdnetugc249000503084819391104CAE3C9D31CC62C371052AF4F66EFA5C459857F.png,.png,198305,400,400,1.0,400x400,
httpssteamusercontentaakamaihdnetugc24900050308481944018E004D8E6363FAD250019AC7FBAE5A24DF47F147.png,.png,189833,400,400,1.0,400x400,
httpssteamusercontentaakamaihdnetugc310636117333783900D4349CB7B7A59D4F8DF84D5A8FB0D723953A466.jpg,.jpg,2944,512,512,1.0,512x512,
httpssteamusercontentaakamaihdnetugc3106424570790058082384E6DC1EBF73DEC35DB0528077680152C544E.png,.png,2021279,1507,1441,1.0458,1507x1441,
httpssteamusercontentaakamaihdnetugc31064245707900991140CDE2AA60F22E5F72E22B0C516F07EA4881DBF.png,.png,1771267,1577,1508,1.0458,1577x1508,
httpssteamusercontentaakamaihdnetugc3106424570794422792CC831D54CC21C69D81AC31D498E7A1FF9B376F.jpg,.jpg,736026,1536,2853,0.5384,1536x2853,
httpssteamusercontentaakamaihdnetugc310642457079442594F96D20A6A8D50945412095FE5F9F260AC1E29B7.jpg,.jpg,1100802,1536,2879,0.5335,1536x2879,
httpssteamusercontentaakamaihdnetugc31064245707944306B20C40028CD88084359CBFBBC188070CE95CB094.jpg,.jpg,756945,1536,2834,0.542,1536x2834,
httpssteamusercontentaakamaihdnetugc3106424570794433685943AED1A2439148F84F0E6D368CD50EA2D0410.jpg,.jpg,1013065,1536,2865,0.5361,1536x2865,
httpssteamusercontentaakamaihdnetugc310642457079451994C8231B47769674134A1586BC6B1BAAF113D2475.jpg,.jpg,722809,1536,2859,0.5373,1536x2859,
httpssteamusercontentaakamaihdnetugc310642457079645231B5885AD237901097FFF6B017EC5147394B9D536.png,.png,1938408,939,1784,0.5263,939x1784,
httpssteamusercontentaakamaihdnetugc310642457079645905B0DE6BF2A6243E15738B425CCEC5D00BA690EC3.png,.png,1269727,675,1275,0.5294,675x1275,
httpssteamusercontentaakamaihdnetugc31064245707964613F92515BC37D06842F469AF86EA7C6EF216393032.png,.png,1941141,675,1275,0.5294,675x1275,
httpssteamusercontentaakamaihdnetugc31064245708001709C7DDA0399555AA322D673D9C69B3E054E3DD5D71.png,.png,3442683,1800,1800,1.0,1800x1800,
httpssteamusercontentaakamaihdnetugc31064245708001753C4C53478FAFAB5BF12BC649EDD79869D738E22C0.png,.png,9873144,3084,3072,1.0039,3084x3072,
httpssteamusercontentaakamaihdnetugc450736355947874683383F8BD492F39E77230F18002C072F0C4BF778A0.jpg,.jpg,5415,1000,300,3.3333,1000x300,
